id,sentence_id,cluster_id,similarity_to_cluster_centroid,team_id
537040,1019366,46904,,427
537041,1023435,46904,0.480544,427
537042,1020829,46904,0.669415,427
537043,1023205,46904,0.678456,427
537044,1019934,46904,0.706891,427
537045,1023725,46904,0.735205,427
537046,1020762,46904,0.742402,427
537047,1023434,46904,0.792965,427
537048,1024210,46904,0.79624,427
537049,1023672,46904,0.796839,427
537050,1019705,46904,0.811042,427
537051,1019371,46905,,427
537052,1022077,46905,0.586536,427
537053,1021881,46905,0.60405,427
537054,1021866,46905,0.62193,427
537055,1021145,46905,0.642387,427
537056,1021571,46905,0.649009,427
537057,1022218,46905,0.649756,427
537058,1021541,46905,0.649972,427
537059,1022155,46905,0.654592,427
537060,1022064,46905,0.660492,427
537061,1020650,46905,0.666867,427
537062,1020211,46905,0.671131,427
537063,1021573,46905,0.676747,427
537064,1021102,46905,0.679805,427
537065,1020516,46905,0.691227,427
537066,1022252,46905,0.69335,427
537067,1022184,46905,0.698465,427
537068,1021980,46905,0.700144,427
537069,1022311,46905,0.702984,427
537070,1020973,46905,0.708928,427
537071,1020531,46905,0.710391,427
537072,1019588,46905,0.711782,427
537073,1021415,46905,0.71322,427
537074,1019460,46905,0.715615,427
537075,1019992,46905,0.716156,427
537076,1023245,46905,0.716388,427
537077,1019838,46905,0.716409,427
537078,1019405,46905,0.717142,427
537079,1021295,46905,0.719173,427
537080,1021993,46905,0.72161,427
537081,1020741,46905,0.722831,427
537082,1021951,46905,0.722969,427
537083,1020447,46905,0.724184,427
537084,1019663,46905,0.732216,427
537085,1022245,46905,0.732554,427
537086,1022642,46905,0.732907,427
537087,1023082,46905,0.73322,427
537088,1021843,46905,0.734369,427
537089,1023800,46905,0.73539,427
537090,1024097,46905,0.737295,427
537091,1020631,46905,0.737531,427
537092,1020468,46905,0.737589,427
537093,1021848,46905,0.739907,427
537094,1021072,46905,0.74162,427
537095,1020342,46905,0.742599,427
537096,1021766,46905,0.744228,427
537097,1020045,46905,0.744366,427
537098,1021116,46905,0.746773,427
537099,1019552,46905,0.748084,427
537100,1020278,46905,0.75168,427
537101,1021132,46905,0.753789,427
537102,1023932,46905,0.756381,427
537103,1019791,46905,0.759303,427
537104,1019546,46905,0.75968,427
537105,1021337,46905,0.761675,427
537106,1021483,46905,0.761852,427
537107,1019589,46905,0.765817,427
537108,1019974,46905,0.766262,427
537109,1023625,46905,0.767207,427
537110,1021275,46905,0.768579,427
537111,1023929,46905,0.769627,427
537112,1021959,46905,0.770605,427
537113,1024087,46905,0.776277,427
537114,1019681,46905,0.776385,427
537115,1022385,46905,0.778379,427
537116,1023972,46905,0.780976,427
537117,1019682,46905,0.784095,427
537118,1020401,46905,0.788749,427
537119,1019861,46905,0.78913,427
537120,1022497,46905,0.789802,427
537121,1019892,46905,0.790381,427
537122,1021203,46905,0.791138,427
537123,1021706,46905,0.795239,427
537124,1019436,46905,0.795461,427
537125,1019913,46905,0.796332,427
537126,1020457,46905,0.797267,427
537127,1019601,46905,0.79775,427
537128,1021081,46905,0.798103,427
537129,1023863,46905,0.798512,427
537130,1021760,46905,0.800001,427
537131,1019987,46905,0.800216,427
537132,1021325,46905,0.800469,427
537133,1019715,46905,0.801652,427
537134,1022056,46905,0.805795,427
537135,1021128,46905,0.80847,427
537136,1019387,46905,0.809274,427
537137,1019928,46905,0.80982,427
537138,1024105,46905,0.81485,427
537139,1021258,46905,0.816942,427
537140,1022224,46905,0.817989,427
537141,1019647,46905,0.819548,427
537142,1021296,46905,0.819814,427
537143,1023801,46905,0.820501,427
537144,1020623,46905,0.826458,427
537145,1021841,46905,0.827931,427
537146,1019964,46905,0.829727,427
537147,1022500,46905,0.830946,427
537148,1019765,46905,0.831563,427
537149,1023242,46905,0.832397,427
537150,1021699,46905,0.837774,427
537151,1020075,46905,0.842236,427
537152,1021245,46905,0.845598,427
537153,1022290,46905,0.849198,427
537154,1019751,46905,0.850465,427
537155,1022148,46905,0.851966,427
537156,1021698,46905,0.852475,427
537157,1019709,46905,0.853151,427
537158,1019462,46905,0.8534,427
537159,1022006,46905,0.858538,427
537160,1022287,46905,0.858911,427
537161,1020543,46905,0.860366,427
537162,1020910,46905,0.862546,427
537163,1021719,46905,0.872334,427
537164,1021319,46905,0.87374,427
537165,1021905,46905,0.874984,427
537166,1019594,46905,0.887491,427
537167,1022308,46905,0.893393,427
537168,1020539,46905,0.894982,427
537169,1020496,46905,0.90242,427
537170,1023618,46905,0.90795,427
537171,1019556,46905,0.908008,427
537172,1022007,46905,0.910616,427
537173,1021814,46905,0.912539,427
537174,1020952,46905,0.916693,427
537175,1020939,46905,0.927123,427
537176,1021589,46905,0.932135,427
537177,1019915,46905,0.945225,427
537178,1020484,46905,0.946788,427
537223,1019390,46908,,427
537224,1019653,46908,0.716616,427
537247,1023412,46908,0.902996,427
537360,1019416,46914,,427
537361,1023380,46914,0.671496,427
537362,1022306,46914,0.696419,427
537363,1022731,46914,0.715935,427
537364,1023953,46914,0.749932,427
537365,1020524,46914,0.759212,427
537366,1021374,46914,0.761643,427
537367,1021076,46914,0.765701,427
537368,1023239,46914,0.769304,427
537369,1023026,46914,0.78285,427
537370,1024179,46914,0.795883,427
537371,1020188,46914,0.814296,427
537372,1021223,46914,0.81723,427
537373,1020378,46914,0.817868,427
537374,1021407,46914,0.820282,427
537375,1023378,46914,0.830528,427
537376,1021825,46914,0.831334,427
537377,1023027,46914,0.835892,427
537379,1020871,46914,0.859734,427
537381,1020755,46914,0.86755,427
537383,1019855,46914,0.919235,427
537384,1022062,46914,0.932063,427
537459,1019477,46920,,427
537460,1023847,46920,0.715728,427
537461,1020970,46920,0.732196,427
537462,1023294,46920,0.739999,427
537463,1020844,46920,0.770704,427
537464,1023031,46920,0.792899,427
537465,1022192,46920,0.805454,427
537466,1019871,46920,0.819366,427
537467,1020335,46920,0.880908,427
537636,1019570,46932,,427
537637,1020055,46932,0.308586,427
537638,1023935,46932,0.388106,427
537639,1023820,46932,0.395327,427
537640,1022198,46932,0.405282,427
537641,1023933,46932,0.44505,427
537642,1023877,46932,0.464854,427
537643,1023874,46932,0.483779,427
537644,1020471,46932,0.489112,427
537645,1021094,46932,0.554151,427
537646,1019911,46932,0.567078,427
537647,1020750,46932,0.569826,427
537648,1020093,46932,0.591733,427
537649,1023075,46932,0.607925,427
537650,1021549,46932,0.624966,427
537651,1019906,46932,0.657216,427
537652,1019868,46932,0.663746,427
537653,1020731,46932,0.732137,427
537654,1023061,46932,0.733242,427
537655,1020951,46932,0.736942,427
537656,1020525,46932,0.750732,427
537657,1023635,46932,0.753145,427
537658,1021489,46932,0.771184,427
537659,1021120,46932,0.785228,427
537732,1023795,46936,,427
537733,1024038,46936,0.806194,427
537734,1021608,46936,0.717582,427
537735,1024039,46936,0.8032,427
537736,1024102,46936,0.797692,427
537737,1019822,46936,0.788367,427
537738,1020118,46936,0.840293,427
537739,1019644,46936,0.752003,427
538114,1020492,46966,,427
538115,1021985,46966,0.452327,427
538116,1023918,46966,0.463951,427
538117,1022154,46966,0.478497,427
538118,1021240,46966,0.586309,427
538119,1021354,46966,0.662789,427
538120,1021779,46966,0.707893,427
538121,1023029,46966,0.76753,427
538122,1023038,46966,0.770306,427
538123,1021785,46966,0.813016,427
538124,1020695,46966,0.814096,427
538125,1022157,46966,0.837763,427
538136,1020632,46968,,427
538137,1020788,46968,0.412803,427
538138,1021241,46968,0.560534,427
538139,1022255,46968,0.577569,427
538140,1022066,46968,0.625793,427
538141,1022253,46968,0.629628,427
538142,1021998,46968,0.682299,427
538143,1020744,46968,0.691161,427
538144,1020696,46968,0.693284,427
538145,1022291,46968,0.710847,427
538146,1022174,46968,0.714284,427
538147,1021986,46968,0.719236,427
538148,1021867,46968,0.740611,427
538149,1021987,46968,0.787157,427
538150,1021869,46968,0.795704,427
538151,1021567,46968,0.850686,427
538152,1021603,46968,0.871071,427
538153,1021568,46968,0.895993,427
538165,1020789,46970,,427
538166,1024235,46970,0.61443,427
538167,1023957,46970,0.674315,427
538168,1023012,46970,0.723127,427
538171,1021266,46970,0.765036,427
538172,1021214,46970,0.773644,427
538193,1023740,46973,,427
538194,1023943,46973,0.511767,427
538195,1022687,46973,0.654013,427
538196,1022676,46973,0.765697,427
538197,1022675,46973,0.84301,427
538198,1023937,46973,0.683284,427
538199,1022679,46973,0.679324,427
538200,1023784,46973,0.84508,427
538202,1023484,46973,0.878377,427
538203,1024244,46973,0.903992,427
538206,1020188,46923,,427
538207,1020536,46923,,427
538208,1020547,46923,,427
538209,1020570,46923,,427
538210,1020573,46923,,427
538211,1020743,46923,,427
538212,1020872,46923,,427
538213,1021389,46923,,427
538214,1021402,46923,,427
538215,1021403,46923,,427
538216,1022142,46923,,427
538217,1019617,46908,,427
538218,1020581,46908,,427
538219,1021287,46908,,427
538220,1021745,46908,,427
677713,1019365,46968,,427
683596,1020498,46968,0,427
683597,1021425,46968,0,427
683598,1021781,46968,0,427
683599,1022526,46968,0,427
683600,1023971,46968,0,427
683601,1021003,46904,0,427
683602,1022724,46904,0,427
683603,1230489,46904,0,427
683604,1020139,46905,0,427
683605,1021780,46905,0,427
683606,1230371,46905,0,427
683607,1230436,46905,0,427
683608,1230563,46905,0,427
683609,1230672,46905,0,427
683610,1230684,46905,0,427
683611,1230728,46905,0,427
683612,1230317,46905,0,427
683613,1230594,46905,0,427
683614,1230604,46905,0,427
683615,1230649,46905,0,427
683616,1230417,46905,0,427
683617,1230562,46905,0,427
683618,1230620,46905,0,427
683619,1230778,46905,0,427
683620,1230463,46908,0,427
683621,1020863,46908,0,427
683622,1021047,46908,0,427
683623,1022565,46908,0,427
683624,1022952,46908,0,427
683625,1024230,46908,0,427
683626,1230452,46908,0,427
683627,1019758,46914,0,427
683628,1020177,46914,0,427
683629,1020568,46914,0,427
683630,1020666,46914,0,427
683631,1022514,46914,0,427
683632,1022543,46914,0,427
683633,1022745,46914,0,427
683634,1022895,46914,0,427
683635,1023052,46914,0,427
683636,1023141,46914,0,427
683637,1023236,46914,0,427
683638,1023329,46914,0,427
683639,1024161,46914,0,427
683640,1230768,46914,0,427
683641,1019632,46914,0,427
683642,1020014,46914,0,427
683643,1022469,46914,0,427
683644,1022512,46914,0,427
683645,1230296,46914,0,427
683646,1019478,46920,0,427
683647,1022640,46920,0,427
683648,1024021,46920,0,427
683650,1020357,46932,0,427
683651,1230400,46932,0,427
683652,1230764,46932,0,427
683653,1230327,46932,0,427
683654,1230651,46932,0,427
683655,1019587,46936,0,427
683656,1020461,46923,0,427
683657,1021216,46966,0,427
683658,1022173,46966,0,427
683659,1230589,46966,0,427
683660,1020653,46970,0,427
683661,1020825,46970,0,427
683662,1022692,46970,0,427
683663,1230321,46970,0,427
683664,1022284,46973,0,427
683665,1023199,46973,0,427
684477,1019785,56726,0.975994,427
684478,1020474,56726,0.975325,427
684479,1020681,56726,0.975086,427
684480,1230545,56726,0.974308,427
684481,1020922,56726,0.972429,427
684482,1020764,56726,0.97224,427
684483,1231310,56726,0.971014,427
684485,1020597,56726,0.970082,427
684486,1230332,56726,0.969791,427
684487,1231309,56726,0.969047,427
684488,1019773,56726,0.968582,427
684489,1230911,56726,0.968058,427
684490,1021096,56726,0.967521,427
684491,1022887,56726,0.966969,427
684492,1020665,56726,0.964997,427
684493,1020324,56726,0.964049,427
684494,1230407,56726,0.96353,427
684955,1022220,56744,0.971264,427
684956,1022058,56744,0.969908,427
684957,1022669,56744,0.969708,427
684958,1020470,56744,0.967938,427
684959,1019684,56744,0.967571,427
684960,1020241,56744,0.967413,427
684961,1020810,56744,0.967335,427
684962,1230570,56744,0.967066,427
684963,1020346,56744,0.966417,427
684964,1021810,56744,0.965656,427
684965,1230547,56744,0.964995,427
684966,1019841,56744,0.96432,427
684967,1021920,56744,0.963739,427
684968,1230647,56744,0.963369,427
684969,1019905,56744,0.962728,427
684970,1019652,56744,0.962187,427
684971,1022044,56744,0.962164,427
684972,1230646,56744,0.961081,427
684973,1023364,56744,0.960367,427
684974,1019657,56744,0.960316,427
684975,1022493,56744,0.960093,427
684976,1022185,56744,0.959081,427
685055,1023633,56748,0.977325,427
685056,1024259,56748,0.976975,427
685057,1230940,56748,0.976933,427
685058,1230943,56748,0.975701,427
685059,1023632,56748,0.975297,427
685060,1022282,56748,0.974423,427
685061,1024257,56748,0.974178,427
685062,1024231,56748,0.972824,427
685063,1022466,56748,0.972404,427
685064,1230939,56748,0.971818,427
685065,1231539,56748,0.970089,427
685066,1023150,56748,0.969828,427
685067,1019721,56748,0.96774,427
685068,1020864,56748,0.967419,427
685069,1023110,56748,0.966706,427
685230,1231141,46904,0,427
685231,1231344,46904,0,427
685232,1230877,46905,0,427
685233,1231181,46905,0,427
685234,1231294,46905,0,427
685235,1231319,46905,0,427
685236,1231415,46905,0,427
685237,1231444,46905,0,427
685238,1231561,46905,0,427
685239,1231191,46905,0,427
685240,1230844,46905,0,427
685241,1230792,46908,0,427
685242,1231550,46908,0,427
685243,1231124,46914,0,427
685244,1231448,46914,0,427
685245,1231451,46914,0,427
685246,1231127,46914,0,427
685247,1231220,46914,0,427
685250,1231120,46920,0,427
685251,1231536,46920,0,427
685254,1231187,46932,0,427
685255,1231185,46932,0,427
685256,1231495,46936,0,427
685257,1230803,46973,0,427
988248,1230320,46936,,427
988249,1230333,46936,,427
988250,1230898,46936,,427
988251,1231236,46936,,427
988252,1230629,46923,,427
988253,1019598,46936,,427
988254,1231283,56748,,427
988255,1230591,46968,,427
988256,1020314,46968,,427
988257,1021265,46968,,427
988258,1021612,46968,,427
988259,1021356,46968,,427
988260,1231149,103529,1,427
988261,1231434,103529,0.993284,427
988262,1019621,103529,0.99322,427
988263,1020943,103529,0.99322,427
988264,1020945,103529,0.99322,427
988265,1021741,103529,0.99322,427
988266,1230429,103529,0.99322,427
988267,1230606,103529,0.99322,427
988268,1022508,103529,0.993756,427
988269,1020912,103529,0.988616,427
988270,1021222,103529,0.988616,427
988271,1021450,103529,0.988616,427
988272,1019792,103529,0.979686,427
988273,1021388,103529,0.982504,427
988274,1021728,103529,0.984493,427
988275,1020002,103529,0.978258,427
988276,1021058,103529,0.983069,427
988277,1021414,103529,0.976189,427
988278,1021429,103529,0.979243,427
988279,1022122,103529,0.978653,427
988280,1019869,103529,0.982313,427
988281,1024000,103529,0.977691,427
988282,1021904,103529,0.977319,427
988283,1020431,103529,0.975148,427
988284,1019638,103529,0.975966,427
988285,1022241,103529,0.980984,427
988286,1021447,103529,0.973125,427
988287,1231184,103529,0.970382,427
988288,1019473,103529,0.972555,427
988289,1230595,103529,0.969319,427
988290,1230919,103529,0.969288,427
988291,1023695,103529,0.970953,427
988292,1019363,103529,0.975117,427
988293,1231559,103529,0.967084,427
988294,1021648,103529,0.967067,427
988295,1019548,103529,0.970812,427
988296,1231010,103529,0.96574,427
988297,1022522,103529,0.970189,427
988298,1022984,103529,0.969053,427
988299,1019798,103529,0.971629,427
988300,1021210,103529,0.967513,427
988301,1021035,103529,0.970585,427
988302,1023838,103529,0.965471,427
988303,1020560,103529,0.964047,427
988304,1019893,103529,0.965513,427
988305,1023176,103529,0.964749,427
988306,1024222,103529,0.969405,427
988307,1231425,103529,0.969628,427
988308,1230490,103529,0.971141,427
988309,1023914,103529,0.965559,427
988310,1231036,103529,0.970653,427
988311,1230780,103529,0.968996,427
988312,1020313,103529,0.962198,427
988313,1230472,103529,0.965438,427
988314,1021105,103529,0.966089,427
988315,1023001,103529,0.967995,427
988316,1022534,103529,0.96157,427
988317,1020414,103529,0.966216,427
988318,1231297,103529,0.963076,427
988319,1230469,103529,0.965642,427
988320,1022372,103529,0.962187,427
988321,1024262,103529,0.962273,427
988322,1023315,103529,0.962177,427
988323,1021675,103529,0.964133,427
988324,1231096,103529,0.960126,427
988325,1231610,103529,0.962424,427
988326,1022922,103529,0.961822,427
988327,1021395,103529,0.961393,427
988328,1022668,103529,0.959809,427
988329,1020742,103529,0.958573,427
988330,1020914,103529,0.960541,427
988331,1020344,103529,0.963141,427
988332,1024090,103529,0.957965,427
988333,1020621,103529,0.957739,427
988334,1019677,103529,0.96114,427
988335,1021075,103529,0.95709,427
988336,1019597,103529,0.956181,427
988337,1024250,103529,0.957168,427
988338,1021397,103529,0.957276,427
988339,1021976,103529,0.955638,427
988340,1231117,103529,0.955733,427
988341,1024067,103529,0.955777,427
988342,1021619,103529,0.95965,427
988343,1024186,103529,0.954039,427
988344,1023728,103529,0.953701,427
988345,1020275,103529,0.951535,427
988346,1020469,103529,0.953054,427
988347,1021159,103529,0.951501,427
988348,1024063,103529,0.947225,427
988349,1020004,103530,1,427
988350,1020752,103530,0.973597,427
988351,1021154,103530,0.973597,427
988352,1021342,103530,0.973597,427
988353,1023366,103530,0.973298,427
988354,1019699,103530,0.9759,427
988355,1020604,103530,0.9759,427
988356,1021776,103530,0.9759,427
988357,1022213,103530,0.974799,427
988358,1020424,103530,0.972785,427
988359,1020272,103530,0.972473,427
988360,1019364,103530,0.970297,427
988361,1231372,103530,0.975782,427
988362,1021264,103530,0.962992,427
988363,1230628,103530,0.962992,427
988364,1230484,103530,0.963138,427
988365,1230710,103531,1,427
988366,1020966,103531,0.987666,427
988367,1022219,103531,0.987686,427
988368,1024173,103531,0.984825,427
988369,1230779,103531,0.98507,427
988370,1022299,103531,0.984563,427
988371,1023421,103531,0.984054,427
988372,1023841,103531,0.986714,427
988373,1024276,103531,0.982934,427
988374,1020289,103531,0.986917,427
988375,1023836,103531,0.987832,427
988376,1022998,103531,0.98723,427
988377,1021586,103531,0.979968,427
988378,1021288,103531,0.982666,427
988379,1023104,103531,0.983659,427
988380,1019826,103531,0.980177,427
988381,1021555,103531,0.981996,427
988382,1020809,103531,0.977686,427
988383,1021391,103531,0.977411,427
988384,1023834,103531,0.980985,427
988385,1022203,103531,0.976322,427
988386,1021936,103531,0.976478,427
988387,1230704,103531,0.978394,427
988388,1020968,103531,0.975707,427
988389,1019926,103531,0.978469,427
988390,1020405,103531,0.977314,427
988391,1021834,103531,0.972179,427
988392,1231464,103531,0.974891,427
988393,1020842,103531,0.975309,427
988394,1023902,103531,0.972971,427
988395,1019374,103531,0.970045,427
988396,1021751,103531,0.970002,427
988397,1023391,103531,0.966751,427
988398,1019973,103532,1,427
988399,1019389,103532,0.959978,427
988400,1230518,103532,0.973499,427
988401,1023173,103532,0.97276,427
988402,1019991,103532,0.961679,427
988403,1023388,103532,0.968264,427
988404,1023716,103532,0.958125,427
988405,1021186,103532,0.959141,427
988406,1020964,103532,0.955814,427
988407,1022920,103532,0.947481,427
988408,1024101,103532,0.945248,427
988409,1230448,103532,0.945188,427
988410,1230810,103532,0.957554,427
988411,1020891,103532,0.943698,427
988412,1023555,103532,0.942468,427
988413,1022389,103533,1,427
988414,1231467,103533,0.993645,427
988415,1231161,103533,0.993849,427
988416,1231060,103533,0.993403,427
988417,1023050,103533,0.993017,427
988418,1023999,103533,0.993732,427
988419,1231041,103533,0.993317,427
988420,1023292,103533,0.993292,427
988421,1023174,103533,0.992586,427
988422,1231099,103533,0.993497,427
988423,1023668,103533,0.993372,427
988424,1024081,103533,0.993056,427
988425,1023016,103533,0.993576,427
988426,1019830,103533,0.97193,427
988427,1021457,103533,0.981746,427
988428,1020873,103533,0.970181,427
988429,1021467,103533,0.968672,427
988430,1022809,103533,0.970203,427
988431,1019614,103533,0.965012,427
988432,1023416,103533,0.965811,427
988433,1022734,103533,0.969456,427
988434,1023840,103533,0.967871,427
988435,1021855,103533,0.967155,427
988436,1021390,103533,0.964291,427
988437,1023417,103533,0.96613,427
988438,1023696,103533,0.963517,427
988439,1023867,103533,0.963258,427
988440,1021134,103533,0.964912,427
988441,1023634,103533,0.965793,427
988442,1023658,103533,0.963506,427
988443,1019399,103533,0.964202,427
988444,1023443,103533,0.962102,427
988445,1020015,103533,0.962254,427
988446,1020171,103533,0.960938,427
988447,1019400,103534,1,427
988448,1019424,103534,1,427
988449,1019779,103534,1,427
988450,1019788,103534,1,427
988451,1019867,103534,1,427
988452,1019902,103534,1,427
988453,1020057,103534,1,427
988454,1020147,103534,1,427
988455,1020204,103534,1,427
988456,1020242,103534,1,427
988457,1020260,103534,1,427
988458,1020308,103534,1,427
988459,1020577,103534,1,427
988460,1020583,103534,1,427
988461,1020613,103534,1,427
988462,1020797,103534,1,427
988463,1020852,103534,1,427
988464,1021010,103534,1,427
988465,1021103,103534,1,427
988466,1021184,103534,1,427
988467,1021227,103534,1,427
988468,1021270,103534,1,427
988469,1021279,103534,1,427
988470,1021444,103534,1,427
988471,1021615,103534,1,427
988472,1021664,103534,1,427
988473,1021769,103534,1,427
988474,1021805,103534,1,427
988475,1021852,103534,1,427
988476,1021964,103534,1,427
988477,1022210,103534,1,427
988478,1230527,103534,1,427
988479,1230622,103534,1,427
988480,1230665,103534,1,427
988481,1230872,103534,0.993693,427
988482,1024083,103534,0.993614,427
988483,1231427,103534,0.99344,427
988484,1231608,103534,0.993596,427
988485,1022891,103534,0.993233,427
988486,1231071,103534,0.993062,427
988487,1019662,103534,0.973554,427
988488,1022031,103534,0.973554,427
988489,1231398,103534,0.972117,427
988490,1023905,103535,1,427
988491,1019650,103535,0.993515,427
988492,1019685,103535,0.993515,427
988493,1019860,103535,0.993515,427
988494,1019895,103535,0.993515,427
988495,1019930,103535,0.993515,427
988496,1020009,103535,0.993515,427
988497,1020158,103535,0.993515,427
988498,1020178,103535,0.993515,427
988499,1020355,103535,0.993515,427
988500,1020433,103535,0.993515,427
988501,1020976,103535,0.993515,427
988502,1021411,103535,0.993515,427
988503,1021471,103535,0.993515,427
988504,1021548,103535,0.993515,427
988505,1021624,103535,0.993515,427
988506,1021740,103535,0.993515,427
988507,1021744,103535,0.993515,427
988508,1021938,103535,0.993515,427
988509,1022086,103535,0.993515,427
988510,1231180,103535,0.99317,427
988511,1231246,103535,0.993198,427
988512,1020034,103535,0.984977,427
988513,1020243,103535,0.984977,427
988514,1020537,103535,0.984977,427
988515,1021061,103535,0.984977,427
988516,1021359,103535,0.984977,427
988517,1230356,103535,0.984977,427
988518,1230397,103535,0.984161,427
988519,1023441,103535,0.983577,427
988520,1021473,103535,0.983621,427
988521,1019604,103535,0.983252,427
988522,1019560,103535,0.978329,427
988523,1020008,103535,0.978329,427
988524,1020664,103535,0.978329,427
988525,1023984,103535,0.97824,427
988526,1019412,103535,0.974296,427
988527,1230494,103535,0.977914,427
988528,1230433,103535,0.973499,427
988529,1020816,103535,0.973165,427
988530,1021048,103535,0.97451,427
988531,1021674,103535,0.97451,427
988532,1021784,103535,0.97451,427
988533,1231558,103535,0.977689,427
988534,1020674,103535,0.972161,427
988535,1019401,103535,0.972678,427
988536,1021305,103535,0.972287,427
988537,1021644,103535,0.972467,427
988538,1021861,103535,0.972464,427
988539,1020977,103535,0.972071,427
988540,1231097,103535,0.972292,427
988541,1021229,103535,0.968254,427
988542,1021770,103535,0.973318,427
988543,1020197,103535,0.973675,427
988544,1021289,103535,0.973675,427
988545,1020056,103535,0.971195,427
988546,1020020,103535,0.969691,427
988547,1020028,103535,0.962578,427
988548,1021641,103535,0.960028,427
988549,1021828,103535,0.95871,427
988550,1021775,103535,0.954568,427
988551,1023506,103536,1,427
988552,1020198,103536,0.993317,427
988553,1020917,103536,0.993317,427
988554,1021962,103536,0.993317,427
988555,1023193,103536,0.993614,427
988556,1023990,103536,0.993764,427
988557,1022369,103536,0.993238,427
988558,1231562,103536,0.99402,427
988559,1023942,103536,0.993447,427
988560,1023799,103536,0.993577,427
988561,1024108,103536,0.993232,427
988562,1231028,103536,0.993543,427
988563,1023513,103536,0.994006,427
988564,1019404,103536,0.982156,427
988565,1019990,103536,0.982156,427
988566,1020921,103536,0.982156,427
988567,1021131,103536,0.982156,427
988568,1021345,103536,0.982156,427
988569,1022040,103536,0.982156,427
988570,1231403,103536,0.982492,427
988571,1023859,103536,0.982237,427
988572,1023675,103536,0.981816,427
988573,1231441,103536,0.982109,427
988574,1023593,103536,0.981995,427
988575,1019406,103537,1,427
988576,1019445,103537,0.977906,427
988577,1230464,103537,0.979345,427
988578,1020475,103537,0.979887,427
988579,1024243,103537,0.979383,427
988580,1022368,103537,0.979392,427
988581,1024092,103537,0.973198,427
988582,1023551,103537,0.973093,427
988583,1023917,103537,0.973126,427
988584,1023853,103537,0.9676,427
988585,1230905,103537,0.967542,427
988586,1230967,103537,0.967074,427
988587,1020203,103537,0.964945,427
988588,1019998,103537,0.96678,427
988589,1019760,103537,0.967096,427
988590,1019901,103537,0.968292,427
988591,1022417,103537,0.962062,427
988592,1023582,103537,0.961278,427
988593,1231578,103537,0.956527,427
988594,1023733,103537,0.962197,427
988595,1022212,103537,0.959369,427
988596,1231411,103537,0.950422,427
988597,1023645,103537,0.950077,427
988598,1019749,103537,0.951741,427
988599,1022729,103537,0.949936,427
988600,1023780,103537,0.95641,427
988601,1231267,103537,0.945518,427
988602,1022521,103538,1,427
988603,1023565,103538,0.994975,427
988604,1231518,103538,0.993082,427
988605,1019413,103538,0.993015,427
988606,1230644,103538,0.97105,427
988607,1021408,103538,0.958785,427
988608,1023991,103538,0.968524,427
988609,1231517,103538,0.967776,427
988610,1023540,103538,0.959901,427
988611,1021261,103538,0.956568,427
988612,1023293,103538,0.954231,427
988613,1023454,103538,0.957047,427
988614,1023541,103538,0.954961,427
988615,1019972,103538,0.952327,427
988616,1022054,103538,0.95251,427
988617,1230874,103538,0.953734,427
988618,1019771,103539,1,427
988619,1020445,103539,1,427
988620,1021725,103539,1,427
988621,1019431,103539,0.975355,427
988622,1020706,103539,0.973793,427
988623,1023113,103539,0.977973,427
988624,1022037,103539,0.973988,427
988625,1021853,103539,0.973705,427
988626,1021707,103539,0.974587,427
988627,1019884,103539,0.968616,427
988628,1020760,103539,0.96555,427
988629,1019939,103539,0.969836,427
988630,1019530,103539,0.969585,427
988631,1021443,103539,0.966025,427
988632,1022176,103539,0.964538,427
988633,1021217,103539,0.958456,427
988634,1230565,103539,0.957254,427
988635,1021739,103539,0.959431,427
988636,1024009,103539,0.956615,427
988637,1020429,103539,0.962824,427
988638,1231332,103539,0.956401,427
988639,1230440,103539,0.958126,427
988640,1020039,103539,0.955835,427
988641,1231312,103539,0.955342,427
988642,1230358,103539,0.95855,427
988643,1231214,103539,0.960728,427
988644,1019956,103539,0.957341,427
988645,1022065,103539,0.951918,427
988646,1020319,103539,0.950938,427
988647,1021147,103539,0.951326,427
988648,1023449,103540,1,427
988649,1021961,103540,0.967684,427
988650,1020245,103540,0.963177,427
988651,1231037,103540,0.9656,427
988652,1019479,103540,0.964139,427
988653,1021533,103540,0.956722,427
988654,1021417,103540,0.962038,427
988655,1230935,103540,0.966696,427
988656,1019898,103540,0.963994,427
988657,1024265,103540,0.960159,427
988658,1021527,103540,0.959638,427
988659,1024226,103540,0.957981,427
988660,1021515,103540,0.963569,427
988661,1021073,103540,0.95976,427
988662,1230712,103540,0.956384,427
988663,1021438,103540,0.960964,427
988664,1022748,103540,0.954574,427
988665,1022918,103540,0.961809,427
988666,1019882,103540,0.953504,427
988667,1231026,103540,0.961155,427
988668,1019863,103540,0.957347,427
988669,1020149,103540,0.963137,427
988670,1231564,103540,0.954079,427
988671,1231094,103540,0.954792,427
988672,1022095,103540,0.963095,427
988673,1021796,103540,0.95245,427
988674,1019433,103540,0.95725,427
988675,1024064,103540,0.962385,427
988676,1230664,103540,0.956694,427
988677,1021566,103540,0.951191,427
988678,1023564,103540,0.957109,427
988679,1020906,103540,0.95065,427
988680,1230791,103540,0.956926,427
988681,1024264,103540,0.951059,427
988682,1022059,103540,0.948562,427
988683,1019619,103541,1,427
988684,1230811,103541,0.979507,427
988685,1024251,103541,0.979677,427
988686,1019616,103541,0.969412,427
988687,1021605,103541,0.975937,427
988688,1023978,103541,0.96893,427
988689,1024221,103541,0.968633,427
988690,1023505,103541,0.975718,427
988691,1021819,103541,0.977672,427
988692,1021767,103541,0.966375,427
988693,1019740,103541,0.969414,427
988694,1019440,103541,0.965329,427
988695,1019942,103541,0.965329,427
988696,1021694,103541,0.963726,427
988697,1019963,103541,0.96172,427
988698,1023386,103541,0.965251,427
988699,1020610,103541,0.957244,427
988700,1023483,103542,1,427
988701,1020517,103542,0.950323,427
988702,1023611,103542,0.961136,427
988703,1022340,103542,0.959412,427
988704,1020931,103542,0.965139,427
988705,1020694,103542,0.952319,427
988706,1020489,103542,0.961694,427
988707,1019802,103542,0.953781,427
988708,1022339,103542,0.96051,427
988709,1230457,103542,0.960203,427
988710,1022492,103542,0.956114,427
988711,1023871,103542,0.945009,427
988712,1020248,103542,0.95006,427
988713,1230449,103542,0.945897,427
988714,1023870,103542,0.944093,427
988715,1023612,103542,0.957291,427
988716,1021865,103542,0.943921,427
988717,1022225,103542,0.94958,427
988718,1231204,103542,0.953064,427
988719,1020413,103542,0.953598,427
988720,1020698,103542,0.942752,427
988721,1230408,103542,0.941202,427
988722,1019455,103542,0.943333,427
988723,1021080,103543,1,427
988724,1020521,103543,0.994456,427
988725,1020180,103543,0.993411,427
988726,1021838,103543,0.978225,427
988727,1022914,103543,0.97831,427
988728,1022957,103543,0.97814,427
988729,1022912,103543,0.968744,427
988730,1023973,103543,0.964872,427
988731,1019463,103543,0.968498,427
988732,1019817,103543,0.968035,427
988733,1019950,103543,0.964363,427
988734,1022656,103543,0.971031,427
988735,1019933,103543,0.960391,427
988736,1021487,103543,0.964705,427
988737,1231560,103543,0.965665,427
988738,1230328,103543,0.961508,427
988739,1021900,103543,0.959737,427
988740,1019781,103543,0.954644,427
988741,1022049,103543,0.956913,427
988742,1231303,103544,1,427
988743,1019497,103544,0.96699,427
988744,1019467,103544,0.965052,427
988745,1023084,103544,0.971826,427
988746,1230568,103544,0.965307,427
988747,1021249,103544,0.958638,427
988748,1023244,103544,0.962133,427
988749,1022498,103544,0.961405,427
988750,1019919,103544,0.960029,427
988751,1021260,103544,0.96254,427
988752,1022289,103544,0.958192,427
988753,1022161,103544,0.965731,427
988754,1019476,103545,1,427
988755,1230483,103546,1,427
988756,1020129,103546,0.986396,427
988757,1019724,103546,0.975394,427
988758,1021553,103546,0.976904,427
988759,1019489,103546,0.976102,427
988760,1021528,103546,0.971778,427
988761,1021092,103546,0.972634,427
988762,1020545,103546,0.968948,427
988763,1021114,103546,0.97263,427
988764,1022728,103546,0.97018,427
988765,1021001,103546,0.966664,427
988766,1022312,103546,0.969684,427
988767,1020715,103546,0.969733,427
988768,1022078,103546,0.966592,427
988769,1023714,103547,1,427
988770,1023262,103547,0.982743,427
988771,1022781,103547,0.969178,427
988772,1230476,103547,0.969325,427
988773,1020523,103547,0.965745,427
988774,1022961,103547,0.960886,427
988775,1023470,103547,0.965335,427
988776,1023553,103547,0.959831,427
988777,1231163,103547,0.956958,427
988778,1231017,103547,0.964643,427
988779,1019797,103547,0.968592,427
988780,1022783,103547,0.965565,427
988781,1021521,103547,0.969749,427
988782,1231162,103547,0.956995,427
988783,1022461,103547,0.956672,427
988784,1022718,103547,0.95639,427
988785,1022459,103547,0.959442,427
988786,1231018,103547,0.960312,427
988787,1020495,103547,0.965493,427
988788,1019490,103547,0.963508,427
988789,1021297,103547,0.972376,427
988790,1023782,103547,0.955407,427
988791,1019748,103547,0.962931,427
988792,1022889,103547,0.954668,427
988793,1023554,103547,0.959729,427
988794,1020594,103547,0.973149,427
988795,1023311,103547,0.962919,427
988796,1021346,103547,0.958001,427
988797,1231232,103547,0.954748,427
988798,1023047,103547,0.955394,427
988799,1022782,103547,0.964449,427
988800,1023656,103547,0.968527,427
988801,1023655,103547,0.968527,427
988802,1231241,103547,0.955436,427
988803,1021347,103547,0.956317,427
988804,1023479,103547,0.957059,427
988805,1023495,103547,0.951933,427
988806,1020389,103547,0.952575,427
988807,1024052,103547,0.955385,427
988808,1231468,103547,0.952385,427
988809,1023044,103547,0.956438,427
988810,1023261,103547,0.962573,427
988811,1230836,103547,0.958194,427
988812,1019811,103547,0.958193,427
988813,1019696,103547,0.956454,427
988814,1020991,103547,0.947099,427
988815,1019491,103548,1,427
988816,1020362,103548,1,427
988817,1021500,103548,1,427
988818,1021659,103548,1,427
988819,1021742,103548,1,427
988820,1021793,103548,1,427
988821,1230605,103548,1,427
988822,1230721,103548,1,427
988823,1022879,103548,0.995049,427
988824,1022878,103548,0.995049,427
988825,1022987,103548,0.993361,427
988826,1022315,103548,0.993491,427
988827,1231433,103548,0.993353,427
988828,1231119,103548,0.993367,427
988829,1020544,103548,0.97419,427
988830,1021117,103548,0.972032,427
988831,1019510,103549,1,427
988832,1019514,103549,1,427
988833,1019523,103549,1,427
988834,1019947,103549,1,427
988835,1021513,103549,1,427
988836,1021746,103549,1,427
988837,1021940,103549,1,427
988838,1021963,103549,1,427
988839,1022030,103549,1,427
988840,1230575,103549,1,427
988841,1024002,103549,0.993432,427
988842,1023698,103549,0.993438,427
988843,1022735,103549,0.99341,427
988844,1230514,103549,0.969641,427
988845,1022201,103549,0.969514,427
988846,1020087,103549,0.969386,427
988847,1020614,103550,1,427
988848,1020012,103550,0.993415,427
988849,1230609,103550,0.993286,427
988850,1230529,103550,0.993399,427
988851,1021692,103550,0.993201,427
988852,1231478,103550,0.993349,427
988853,1021722,103550,0.992849,427
988854,1019513,103550,0.980416,427
988855,1020748,103550,0.980416,427
988856,1021743,103550,0.980416,427
988857,1230571,103550,0.980416,427
988858,1022672,103550,0.979322,427
988859,1021304,103550,0.978971,427
988860,1023444,103550,0.971392,427
988861,1020033,103550,0.969167,427
988862,1230758,103550,0.969081,427
988863,1020046,103551,1,427
988864,1020937,103551,0.970789,427
988865,1019520,103551,0.972117,427
988866,1020682,103551,0.964082,427
988867,1021970,103551,0.959885,427
988868,1022336,103551,0.948017,427
988869,1230616,103551,0.951111,427
988870,1020673,103551,0.968875,427
988871,1020094,103551,0.960092,427
988872,1230708,103551,0.951459,427
988873,1022351,103551,0.963705,427
988874,1023734,103551,0.941608,427
988875,1230933,103551,0.955365,427
988876,1020152,103551,0.941496,427
988877,1230559,103551,0.958596,427
988878,1230934,103551,0.96147,427
988879,1023243,103551,0.941426,427
988880,1231386,103551,0.944223,427
988881,1231104,103551,0.966677,427
988882,1230932,103551,0.949333,427
988883,1023692,103551,0.942014,427
988884,1023826,103551,0.959559,427
988885,1231105,103551,0.965875,427
988886,1020464,103551,0.939801,427
988887,1231169,103551,0.938442,427
988888,1023013,103551,0.941474,427
988889,1023852,103551,0.940981,427
988890,1021224,103551,0.944393,427
988891,1023439,103551,0.940445,427
988892,1230813,103551,0.941105,427
988893,1230814,103551,0.941378,427
988894,1021054,103551,0.945084,427
988895,1021492,103551,0.944031,427
988896,1020946,103551,0.942152,427
988897,1020201,103551,0.943817,427
988898,1022082,103551,0.939473,427
988899,1023503,103551,0.938638,427
988900,1019750,103552,1,427
988901,1020978,103552,1,427
988902,1021109,103552,1,427
988903,1021850,103552,1,427
988904,1230777,103552,1,427
988905,1022516,103552,0.993222,427
988906,1020967,103552,0.981327,427
988907,1022570,103552,0.994536,427
988908,1021335,103552,0.984248,427
988909,1021585,103552,0.984248,427
988910,1230719,103552,0.983281,427
988911,1021146,103552,0.971905,427
988912,1230976,103552,0.993594,427
988913,1021157,103552,0.976358,427
988914,1230929,103552,0.993806,427
988915,1230928,103552,0.993806,427
988916,1021860,103552,0.968904,427
988917,1019844,103552,0.971041,427
988918,1022206,103552,0.970286,427
988919,1231366,103552,0.973795,427
988920,1021771,103552,0.976093,427
988921,1023276,103552,0.975688,427
988922,1022321,103552,0.973156,427
988923,1022320,103552,0.973156,427
988924,1019615,103552,0.970542,427
988925,1230975,103552,0.977368,427
988926,1020851,103552,0.964671,427
988927,1230743,103552,0.964131,427
988928,1230295,103552,0.970384,427
988929,1021622,103552,0.962944,427
988930,1021464,103552,0.96107,427
988931,1231266,103552,0.963487,427
988932,1022518,103552,0.966805,427
988933,1019808,103552,0.965717,427
988934,1022264,103552,0.95917,427
988935,1020932,103552,0.960901,427
988936,1021148,103552,0.962508,427
988937,1024077,103552,0.961831,427
988938,1021363,103552,0.960584,427
988939,1230335,103552,0.957477,427
988940,1231463,103552,0.958608,427
988941,1230697,103552,0.95571,427
988942,1023901,103552,0.955873,427
988943,1231364,103552,0.957841,427
988944,1020861,103552,0.960743,427
988945,1231268,103552,0.95701,427
988946,1020763,103552,0.960848,427
988947,1020944,103552,0.953387,427
988948,1021689,103552,0.954314,427
988949,1231074,103552,0.954424,427
988950,1231014,103552,0.954897,427
988951,1019753,103552,0.958084,427
988952,1023737,103552,0.954181,427
988953,1231073,103552,0.948603,427
988954,1023145,103552,0.955097,427
988955,1231108,103552,0.950674,427
988956,1020630,103552,0.949601,427
988957,1019525,103552,0.947223,427
988958,1231340,103552,0.942825,427
988959,1022983,103552,0.942808,427
988960,1020708,103553,1,427
988961,1019532,103553,0.971505,427
988962,1021324,103553,0.96918,427
988963,1019591,103553,0.980682,427
988964,1231065,103553,0.964332,427
988965,1023724,103553,0.964368,427
988966,1021494,103553,0.973412,427
988967,1022524,103553,0.970635,427
988968,1020925,103553,0.961145,427
988969,1020733,103553,0.965418,427
988970,1020432,103553,0.970773,427
988971,1021421,103553,0.958364,427
988972,1023703,103553,0.960094,427
988973,1019683,103553,0.961617,427
988974,1021013,103554,1,427
988975,1020381,103554,0.978401,427
988976,1020338,103554,0.979259,427
988977,1021021,103554,0.983164,427
988978,1021292,103554,0.979635,427
988979,1019535,103554,0.975781,427
988980,1022246,103554,0.972631,427
988981,1019848,103554,0.97357,427
988982,1021032,103554,0.974598,427
988983,1020512,103554,0.974046,427
988984,1019533,103554,0.974721,427
988985,1021949,103554,0.972333,427
988986,1020162,103554,0.967169,427
988987,1230323,103554,0.970446,427
988988,1022243,103554,0.967851,427
988989,1020184,103554,0.964009,427
988990,1022970,103554,0.966288,427
988991,1023910,103554,0.96559,427
988992,1021129,103554,0.965986,427
988993,1021026,103554,0.963256,427
988994,1020262,103554,0.963253,427
988995,1021025,103554,0.96397,427
988996,1020853,103554,0.961763,427
988997,1021896,103554,0.963508,427
988998,1020345,103554,0.961983,427
988999,1019874,103554,0.959202,427
989000,1021372,103554,0.961505,427
989001,1020091,103554,0.955847,427
989002,1020116,103555,1,427
989003,1019862,103555,0.992888,427
989004,1230458,103555,0.992979,427
989005,1020185,103555,0.992992,427
989006,1020980,103555,0.99302,427
989007,1021563,103555,0.992732,427
989008,1231413,103555,0.993078,427
989009,1019704,103555,0.980523,427
989010,1020027,103555,0.980523,427
989011,1020131,103555,0.980523,427
989012,1020802,103555,0.980523,427
989013,1023825,103555,0.979887,427
989014,1020602,103555,0.974376,427
989015,1023911,103555,0.971182,427
989016,1022732,103555,0.973076,427
989017,1021893,103555,0.972671,427
989018,1231363,103555,0.973028,427
989019,1020850,103555,0.971643,427
989020,1022254,103555,0.9697,427
989021,1231360,103555,0.968832,427
989022,1020528,103555,0.966396,427
989023,1022074,103555,0.968593,427
989024,1021570,103555,0.962452,427
989025,1021726,103555,0.962452,427
989026,1019538,103555,0.968069,427
989027,1021950,103555,0.961782,427
989028,1230569,103555,0.954942,427
989029,1020494,103555,0.953822,427
989030,1023824,103555,0.959667,427
989031,1020376,103555,0.945279,427
989032,1019886,103555,0.945803,427
989033,1020062,103556,1,427
989034,1020097,103556,1,427
989035,1020288,103556,1,427
989036,1021882,103556,1,427
989037,1022028,103556,0.97294,427
989038,1230755,103556,0.970663,427
989039,1020290,103556,0.968185,427
989040,1021800,103556,0.966162,427
989041,1020909,103556,0.959201,427
989042,1019940,103556,0.957802,427
989043,1019843,103556,0.957058,427
989044,1019572,103556,0.951769,427
989045,1231443,103557,1,427
989046,1020642,103557,0.970508,427
989047,1022092,103557,0.979826,427
989048,1231391,103557,0.993363,427
989049,1022337,103557,0.979807,427
989050,1230822,103557,0.971435,427
989051,1231544,103557,0.958635,427
989052,1231296,103557,0.967973,427
989053,1023074,103557,0.957983,427
989054,1022677,103557,0.962829,427
989055,1022801,103557,0.959657,427
989056,1019634,103557,0.958954,427
989057,1230465,103557,0.961338,427
989058,1020449,103557,0.956557,427
989059,1021084,103557,0.950915,427
989060,1020510,103557,0.954106,427
989061,1019575,103557,0.944459,427
989062,1231249,103558,1,427
989063,1022473,103558,0.977333,427
989064,1023252,103558,0.970354,427
989065,1020693,103558,0.977289,427
989066,1023089,103558,0.97078,427
989067,1020818,103558,0.971436,427
989068,1230600,103558,0.971686,427
989069,1019592,103558,0.976609,427
989070,1023794,103558,0.970099,427
989071,1023846,103558,0.970859,427
989072,1023125,103558,0.969262,427
989073,1230535,103558,0.971516,427
989074,1020660,103558,0.975587,427
989075,1024086,103558,0.97194,427
989076,1231135,103558,0.970769,427
989077,1022428,103558,0.968066,427
989078,1231301,103558,0.968007,427
989079,1231244,103558,0.96765,427
989080,1020159,103558,0.968549,427
989081,1020160,103558,0.965744,427
989082,1023684,103558,0.96346,427
989083,1231250,103558,0.968121,427
989084,1022713,103558,0.964662,427
989085,1019789,103558,0.964716,427
989086,1024060,103558,0.961954,427
989087,1020369,103558,0.960389,427
989088,1021671,103558,0.963924,427
989089,1023858,103558,0.963129,427
989090,1020898,103558,0.956531,427
989091,1022178,103559,1,427
989092,1022113,103559,0.974508,427
989093,1021101,103559,0.973954,427
989094,1230580,103559,0.994102,427
989095,1230347,103559,0.97386,427
989096,1230572,103559,0.973785,427
989097,1019600,103559,0.973512,427
989098,1021338,103559,0.974043,427
989099,1230453,103559,0.970569,427
989100,1230870,103559,0.977184,427
989101,1019692,103559,0.970323,427
989102,1231489,103559,0.970465,427
989103,1231514,103559,0.976757,427
989104,1020161,103559,0.975588,427
989105,1021709,103559,0.975588,427
989106,1024113,103559,0.975505,427
989107,1024112,103559,0.975505,427
989108,1020751,103560,1,427
989109,1021066,103560,1,427
989110,1230428,103560,1,427
989111,1021724,103560,0.972556,427
989112,1021243,103560,0.972902,427
989113,1230674,103560,0.968608,427
989114,1230680,103560,0.969827,427
989115,1022204,103560,0.960466,427
989116,1230837,103560,0.952677,427
989117,1020073,103560,0.952499,427
989118,1231081,103560,0.973881,427
989119,1019630,103560,0.951797,427
989120,1022649,103560,0.959761,427
989121,1021858,103560,0.970886,427
989122,1022738,103560,0.953605,427
989123,1019778,103560,0.967312,427
989124,1020164,103560,0.967312,427
989125,1022602,103560,0.953953,427
989126,1020766,103560,0.94839,427
989127,1231341,103560,0.953843,427
989128,1021688,103560,0.957686,427
989129,1022249,103560,0.949299,427
989130,1022736,103560,0.946952,427
989131,1023763,103560,0.938817,427
989132,1019674,103560,0.939023,427
989133,1023995,103560,0.937906,427
989134,1230714,103561,1,427
989135,1019645,103561,0.993513,427
989136,1023830,103561,0.986044,427
989137,1230949,103561,0.978978,427
989138,1230376,103561,0.978878,427
989139,1230574,103561,0.977728,427
989140,1020913,103561,0.974753,427
989141,1022911,103561,0.971622,427
989142,1021807,103561,0.970415,427
989143,1231293,103561,0.970814,427
989144,1024169,103561,0.970098,427
989145,1023186,103561,0.970734,427
989146,1230280,103561,0.9725,427
989147,1020619,103561,0.968801,427
989148,1021320,103561,0.968123,427
989149,1024111,103561,0.967225,427
989150,1023102,103561,0.966374,427
989151,1019899,103561,0.963823,427
989152,1021273,103561,0.965099,427
989153,1230511,103561,0.963642,427
989154,1023665,103561,0.9592,427
989155,1023185,103561,0.962387,427
989156,1023014,103561,0.958989,427
989157,1020428,103561,0.958535,427
989158,1230477,103561,0.95828,427
989159,1023270,103561,0.960869,427
989160,1020273,103561,0.957858,427
989161,1023729,103562,1,427
989162,1023085,103562,0.974021,427
989163,1020365,103562,0.963242,427
989164,1022123,103562,0.964787,427
989165,1022033,103562,0.973291,427
989166,1024084,103562,0.963064,427
989167,1019809,103562,0.971302,427
989168,1019673,103562,0.970818,427
989169,1230424,103562,0.961656,427
989170,1230962,103562,0.965677,427
989171,1231146,103562,0.970772,427
989172,1023117,103562,0.959672,427
989173,1023823,103562,0.960831,427
989174,1019693,103562,0.960205,427
989175,1020990,103562,0.956594,427
989176,1231439,103562,0.959672,427
989177,1024152,103562,0.956732,427
989178,1021974,103562,0.965654,427
989179,1024040,103562,0.959165,427
989180,1023642,103562,0.959944,427
989181,1023114,103562,0.968727,427
989182,1023000,103562,0.964714,427
989183,1231088,103562,0.956799,427
989184,1019646,103562,0.959727,427
989185,1022019,103562,0.963703,427
989186,1021972,103562,0.957986,427
989187,1230425,103562,0.965786,427
989188,1022234,103562,0.967847,427
989189,1023118,103562,0.957995,427
989190,1231375,103562,0.958397,427
989191,1020588,103562,0.964014,427
989192,1022226,103562,0.960965,427
989193,1231271,103562,0.959447,427
989194,1023654,103562,0.955255,427
989195,1230817,103562,0.958935,427
989196,1231374,103562,0.952589,427
989197,1021285,103562,0.954572,427
989198,1021971,103562,0.950055,427
989199,1020833,103563,1,427
989200,1021175,103563,0.983063,427
989201,1021041,103563,0.973074,427
989202,1019968,103563,0.979171,427
989203,1020336,103563,0.973243,427
989204,1021844,103563,0.965093,427
989205,1023719,103563,0.978922,427
989206,1021556,103563,0.976923,427
989207,1020598,103563,0.97926,427
989208,1021087,103563,0.971688,427
989209,1022810,103563,0.967024,427
989210,1022805,103563,0.963189,427
989211,1020533,103563,0.974263,427
989212,1020526,103563,0.97132,427
989213,1020624,103563,0.970997,427
989214,1023437,103563,0.969221,427
989215,1019667,103563,0.965396,427
989216,1022301,103563,0.964775,427
989217,1022523,103563,0.972113,427
989218,1022682,103563,0.963418,427
989219,1023310,103563,0.962667,427
989220,1023977,103563,0.964517,427
989221,1023765,103563,0.967928,427
989222,1021836,103563,0.971827,427
989223,1021317,103563,0.966875,427
989224,1023333,103563,0.963451,427
989225,1020730,103563,0.96345,427
989226,1020612,103563,0.96319,427
989227,1024215,103563,0.961391,427
989228,1023124,103563,0.963516,427
989229,1023219,103563,0.96298,427
989230,1021042,103563,0.963505,427
989231,1023701,103564,1,427
989232,1022573,103564,0.986651,427
989233,1022125,103564,0.987677,427
989234,1230630,103564,0.986616,427
989235,1023983,103564,0.98486,427
989236,1022147,103564,0.985092,427
989237,1022873,103564,0.987356,427
989238,1022647,103564,0.988131,427
989239,1022976,103564,0.983194,427
989240,1231492,103564,0.979945,427
989241,1022804,103564,0.982172,427
989242,1020095,103564,0.980737,427
989243,1231277,103564,0.980364,427
989244,1023609,103564,0.978428,427
989245,1023571,103564,0.978051,427
989246,1230468,103564,0.977791,427
989247,1019691,103564,0.978946,427
989248,1023797,103564,0.975377,427
989249,1023975,103564,0.977515,427
989250,1022010,103564,0.974397,427
989251,1022208,103564,0.971846,427
989252,1024150,103564,0.974372,427
989253,1023097,103564,0.972883,427
989254,1022803,103564,0.971498,427
989255,1020296,103564,0.970116,427
989256,1023791,103564,0.968041,427
989257,1022181,103564,0.969001,427
989258,1023663,103564,0.967065,427
989259,1230377,103564,0.968214,427
989260,1231423,103564,0.96925,427
989261,1023475,103564,0.961775,427
989262,1019807,103564,0.957042,427
989263,1231101,103565,1,427
989264,1022854,103565,0.993637,427
989265,1230718,103565,0.993163,427
989266,1023798,103565,0.978275,427
989267,1231453,103565,0.968582,427
989268,1022016,103565,0.971163,427
989269,1230510,103565,0.974557,427
989270,1020771,103565,0.969047,427
989271,1024240,103565,0.963463,427
989272,1023591,103565,0.964682,427
989273,1020700,103565,0.966848,427
989274,1021171,103565,0.971529,427
989275,1019698,103565,0.96267,427
989276,1022183,103565,0.962668,427
989277,1023981,103565,0.955883,427
989278,1020579,103565,0.951842,427
989279,1020423,103566,1,427
989280,1020603,103566,0.981597,427
989281,1019714,103566,0.982017,427
989282,1021008,103566,0.982017,427
989283,1022240,103566,0.980542,427
989284,1023385,103566,0.975588,427
989285,1230557,103566,0.976438,427
989286,1230293,103566,0.97425,427
989287,1022874,103566,0.97757,427
989288,1021789,103566,0.972041,427
989289,1022600,103566,0.974207,427
989290,1023383,103566,0.966265,427
989291,1022884,103566,0.962255,427
989292,1230495,103566,0.961872,427
989293,1021298,103566,0.959804,427
989294,1022527,103567,1,427
989295,1230288,103567,0.993423,427
989296,1021007,103567,0.993232,427
989297,1022839,103567,0.976166,427
989298,1023585,103567,0.975833,427
989299,1231100,103567,0.974817,427
989300,1019718,103567,0.966132,427
989301,1023046,103567,0.961387,427
989302,1023845,103567,0.964683,427
989303,1022486,103567,0.954778,427
989304,1231458,103567,0.951398,427
989305,1022563,103567,0.952719,427
989306,1023234,103567,0.944522,427
989307,1020961,103567,0.94281,427
989308,1019734,103568,1,427
989309,1020532,103568,1,427
989310,1020773,103568,1,427
989311,1020814,103568,1,427
989312,1020847,103568,1,427
989313,1021303,103568,1,427
989314,1021308,103568,1,427
989315,1021507,103568,1,427
989316,1021704,103568,1,427
989317,1021839,103568,1,427
989318,1021923,103568,1,427
989319,1022296,103568,1,427
989320,1230532,103568,1,427
989321,1230766,103568,1,427
989322,1023888,103568,0.994421,427
989323,1023887,103568,0.994421,427
989324,1022322,103568,0.993871,427
989325,1023979,103568,0.993729,427
989326,1231455,103568,0.993442,427
989327,1021122,103568,0.969823,427
989328,1020339,103568,0.969701,427
989329,1230297,103569,1,427
989330,1021313,103569,0.960871,427
989331,1230624,103569,0.967175,427
989332,1019821,103569,0.961522,427
989333,1021385,103569,0.961322,427
989334,1230623,103569,0.959195,427
989335,1231051,103569,0.960949,427
989336,1022743,103569,0.969394,427
989337,1231221,103569,0.960109,427
989338,1022426,103569,0.963816,427
989339,1021352,103570,1,427
989340,1230528,103570,1,427
989341,1023302,103570,0.99325,427
989342,1020029,103570,0.993622,427
989343,1021400,103570,0.993327,427
989344,1231013,103570,0.993429,427
989345,1231473,103570,0.992874,427
989346,1021649,103570,0.993396,427
989347,1230737,103570,0.993255,427
989348,1024184,103570,0.967658,427
989349,1022671,103570,0.967501,427
989350,1020196,103570,0.969474,427
989351,1230926,103570,0.967354,427
989352,1021394,103570,0.969066,427
989353,1230832,103570,0.968905,427
989354,1020007,103570,0.968896,427
989355,1019866,103570,0.967438,427
989356,1023139,103570,0.968946,427
989357,1024001,103570,0.968978,427
989358,1023650,103570,0.968158,427
989359,1024074,103570,0.967917,427
989360,1230720,103570,0.968073,427
989361,1021623,103570,0.968003,427
989362,1024171,103570,0.960972,427
989363,1020644,103570,0.960914,427
989364,1022638,103570,0.961163,427
989365,1023708,103570,0.962584,427
989366,1021238,103570,0.952878,427
989367,1022883,103570,0.953089,427
989368,1231059,103570,0.952236,427
989369,1023288,103570,0.954225,427
989370,1021627,103570,0.95384,427
989371,1023659,103570,0.952647,427
989372,1024241,103570,0.949496,427
989373,1020137,103571,1,427
989374,1021683,103571,0.993383,427
989375,1230462,103571,0.994649,427
989376,1230525,103571,0.993693,427
989377,1021451,103571,0.979732,427
989378,1231457,103571,0.974998,427
989379,1022499,103571,0.974635,427
989380,1022572,103571,0.975049,427
989381,1231537,103571,0.972386,427
989382,1019920,103571,0.967735,427
989383,1024019,103571,0.966091,427
989384,1022478,103571,0.965699,427
989385,1019949,103572,1,427
989386,1231348,103572,0.956034,427
989387,1022963,103573,1,427
989388,1020216,103573,0.981149,427
989389,1021341,103573,0.97885,427
989390,1230640,103573,0.976493,427
989391,1022172,103573,0.972932,427
989392,1019961,103573,0.971392,427
989393,1230997,103573,0.970305,427
989394,1021166,103573,0.971069,427
989395,1022217,103573,0.967682,427
989396,1230631,103573,0.965733,427
989397,1022042,103573,0.967217,427
989398,1231198,103573,0.965588,427
989399,1022550,103573,0.964788,427
989400,1023184,103573,0.964281,427
989401,1021419,103574,1,427
989402,1021596,103574,1,427
989403,1230508,103574,1,427
989404,1020088,103574,0.993529,427
989405,1020074,103574,0.984525,427
989406,1022298,103574,0.984525,427
989407,1024191,103574,0.985797,427
989408,1020920,103574,0.985426,427
989409,1021708,103574,0.985426,427
989410,1231510,103574,0.984999,427
989411,1021326,103574,0.985954,427
989412,1021064,103574,0.978597,427
989413,1021653,103574,0.981326,427
989414,1020422,103574,0.973128,427
989415,1231426,103574,0.973093,427
989416,1023954,103574,0.969963,427
989417,1021554,103574,0.971711,427
989418,1021333,103574,0.968899,427
989419,1020956,103574,0.968026,427
989420,1021085,103574,0.967182,427
989421,1230318,103574,0.965044,427
989422,1024174,103574,0.966858,427
989423,1023552,103574,0.964071,427
989424,1022645,103574,0.959387,427
989425,1023955,103574,0.956904,427
989426,1020225,103575,1,427
989427,1231308,103575,0.960356,427
989428,1021749,103576,1,427
989429,1022424,103576,0.974287,427
989430,1023861,103576,0.972677,427
989431,1023860,103576,0.967058,427
989432,1021501,103576,0.976436,427
989433,1023395,103576,0.964646,427
989434,1231093,103576,0.963961,427
989435,1230359,103576,0.96431,427
989436,1023285,103576,0.962268,427
989437,1021656,103576,0.968766,427
989438,1231082,103576,0.961379,427
989439,1020813,103576,0.957151,427
989440,1230963,103576,0.959039,427
989441,1230808,103577,1,427
989442,1230807,103577,0.96717,427
989443,1021847,103577,0.962094,427
989444,1231112,103578,1,427
989445,1231302,103578,0.97838,427
989446,1230367,46970,0.96002,427